"COUNTRY","INDICATOR","COUNTERPART_COUNTRY","FREQUENCY","TIME_PERIOD","OBS_VALUE","SCALE","SERIES_NAME"
"Spain","Trade balance goods, US dollar","Canada","Quarterly","2021-Q1","61072277","Millions","Trade balance goods, US dollar"
"Spain","Trade balance goods, US dollar","Canada","Quarterly","2021-Q2","173740869","Millions","Trade balance goods, US dollar"
"Spain","Trade balance goods, US dollar","Canada","Quarterly","2021-Q3","14055268","Millions","Trade balance goods, US dollar"
"Spain","Trade balance goods, US dollar","Canada","Quarterly","2021-Q4","-31311156","Millions","Trade balance goods, US dollar"
"Spain","Trade balance goods, US dollar","Canada","Quarterly","2022-Q1","25396137","Millions","Trade balance goods, US dollar"
"Spain","Trade balance goods, US dollar","Canada","Quarterly","2022-Q2","-197603917","Millions","Trade balance goods, US dollar"
"Spain","Trade balance goods, US dollar","Canada","Quarterly","2022-Q3","-57879738","Millions","Trade balance goods, US dollar"
"Spain","Trade balance goods, US dollar","Canada","Quarterly","2022-Q4","-183549902","Millions","Trade balance goods, US dollar"
"Spain","Trade balance goods, US dollar","Canada","Quarterly","2023-Q1","540852","Millions","Trade balance goods, US dollar"
"Spain","Trade balance goods, US dollar","Canada","Quarterly","2023-Q2","-264742947","Millions","Trade balance goods, US dollar"
"Spain","Trade balance goods, US dollar","Canada","Quarterly","2023-Q3","-163449233","Millions","Trade balance goods, US dollar"
"Spain","Trade balance goods, US dollar","Canada","Quarterly","2023-Q4","-82383902","Millions","Trade balance goods, US dollar"
"Spain","Trade balance goods, US dollar","Canada","Quarterly","2024-Q1","54305075","Millions","Trade balance goods, US dollar"
"Spain","Trade balance goods, US dollar","Canada","Quarterly","2024-Q2","36422951","Millions","Trade balance goods, US dollar"
"Spain","Trade balance goods, US dollar","Canada","Quarterly","2024-Q3","-32210822","Millions","Trade balance goods, US dollar"
"Spain","Trade balance goods, US dollar","Canada","Quarterly","2024-Q4","59335442","Millions","Trade balance goods, US dollar"
"Hong Kong Special Administrative Region, People's Republic of China","Trade balance goods, US dollar","Canada","Quarterly","2021-Q1","-329285558","Millions","Trade balance goods, US dollar"
"Hong Kong Special Administrative Region, People's Republic of China","Trade balance goods, US dollar","Canada","Quarterly","2021-Q2","-485308304","Millions","Trade balance goods, US dollar"
"Hong Kong Special Administrative Region, People's Republic of China","Trade balance goods, US dollar","Canada","Quarterly","2021-Q3","145931547","Millions","Trade balance goods, US dollar"
"Hong Kong Special Administrative Region, People's Republic of China","Trade balance goods, US dollar","Canada","Quarterly","2021-Q4","36455566","Millions","Trade balance goods, US dollar"
"Hong Kong Special Administrative Region, People's Republic of China","Trade balance goods, US dollar","Canada","Quarterly","2022-Q1","144489901","Millions","Trade balance goods, US dollar"
"Hong Kong Special Administrative Region, People's Republic of China","Trade balance goods, US dollar","Canada","Quarterly","2022-Q2","148374630","Millions","Trade balance goods, US dollar"
"Hong Kong Special Administrative Region, People's Republic of China","Trade balance goods, US dollar","Canada","Quarterly","2022-Q3","-1027829455","Millions","Trade balance goods, US dollar"
"Hong Kong Special Administrative Region, People's Republic of China","Trade balance goods, US dollar","Canada","Quarterly","2022-Q4","-575855529","Millions","Trade balance goods, US dollar"
"Hong Kong Special Administrative Region, People's Republic of China","Trade balance goods, US dollar","Canada","Quarterly","2023-Q1","-152282917","Millions","Trade balance goods, US dollar"
"Hong Kong Special Administrative Region, People's Republic of China","Trade balance goods, US dollar","Canada","Quarterly","2023-Q2","-601830394","Millions","Trade balance goods, US dollar"
"Hong Kong Special Administrative Region, People's Republic of China","Trade balance goods, US dollar","Canada","Quarterly","2023-Q3","-874794827","Millions","Trade balance goods, US dollar"
"Hong Kong Special Administrative Region, People's Republic of China","Trade balance goods, US dollar","Canada","Quarterly","2023-Q4","-529165318","Millions","Trade balance goods, US dollar"
"Hong Kong Special Administrative Region, People's Republic of China","Trade balance goods, US dollar","Canada","Quarterly","2024-Q1","-1026402842","Millions","Trade balance goods, US dollar"
"Hong Kong Special Administrative Region, People's Republic of China","Trade balance goods, US dollar","Canada","Quarterly","2024-Q2","-96946945","Millions","Trade balance goods, US dollar"
"Hong Kong Special Administrative Region, People's Republic of China","Trade balance goods, US dollar","Canada","Quarterly","2024-Q3","205808109","Millions","Trade balance goods, US dollar"
"Hong Kong Special Administrative Region, People's Republic of China","Trade balance goods, US dollar","Canada","Quarterly","2024-Q4","-88021094","Millions","Trade balance goods, US dollar"
"Malaysia","Trade balance goods, US dollar","Canada","Quarterly","2021-Q1","143150134","Millions","Trade balance goods, US dollar"
"Malaysia","Trade balance goods, US dollar","Canada","Quarterly","2021-Q2","163292581","Millions","Trade balance goods, US dollar"
"Malaysia","Trade balance goods, US dollar","Canada","Quarterly","2021-Q3","233032944","Millions","Trade balance goods, US dollar"
"Malaysia","Trade balance goods, US dollar","Canada","Quarterly","2021-Q4","123316080","Millions","Trade balance goods, US dollar"
"Malaysia","Trade balance goods, US dollar","Canada","Quarterly","2022-Q1","10793661","Millions","Trade balance goods, US dollar"
"Malaysia","Trade balance goods, US dollar","Canada","Quarterly","2022-Q2","25849697","Millions","Trade balance goods, US dollar"
"Malaysia","Trade balance goods, US dollar","Canada","Quarterly","2022-Q3","-82072764","Millions","Trade balance goods, US dollar"
"Malaysia","Trade balance goods, US dollar","Canada","Quarterly","2022-Q4","-83215211","Millions","Trade balance goods, US dollar"
"Malaysia","Trade balance goods, US dollar","Canada","Quarterly","2023-Q1","-7208150","Millions","Trade balance goods, US dollar"
"Malaysia","Trade balance goods, US dollar","Canada","Quarterly","2023-Q2","-40786030","Millions","Trade balance goods, US dollar"
"Malaysia","Trade balance goods, US dollar","Canada","Quarterly","2023-Q3","-4091238","Millions","Trade balance goods, US dollar"
"Malaysia","Trade balance goods, US dollar","Canada","Quarterly","2023-Q4","31768665","Millions","Trade balance goods, US dollar"
"Malaysia","Trade balance goods, US dollar","Canada","Quarterly","2024-Q1","-7914547","Millions","Trade balance goods, US dollar"
"Malaysia","Trade balance goods, US dollar","Canada","Quarterly","2024-Q2","111668942","Millions","Trade balance goods, US dollar"
"Malaysia","Trade balance goods, US dollar","Canada","Quarterly","2024-Q3","147675578","Millions","Trade balance goods, US dollar"
"Malaysia","Trade balance goods, US dollar","Canada","Quarterly","2024-Q4","118740039","Millions","Trade balance goods, US dollar"
"Australia","Trade balance goods, US dollar","Canada","Quarterly","2021-Q1","4118343","Millions","Trade balance goods, US dollar"
"Australia","Trade balance goods, US dollar","Canada","Quarterly","2021-Q2","-94083986","Millions","Trade balance goods, US dollar"
"Australia","Trade balance goods, US dollar","Canada","Quarterly","2021-Q3","-138579887","Millions","Trade balance goods, US dollar"
"Australia","Trade balance goods, US dollar","Canada","Quarterly","2021-Q4","-178221117","Millions","Trade balance goods, US dollar"
"Australia","Trade balance goods, US dollar","Canada","Quarterly","2022-Q1","-126073888","Millions","Trade balance goods, US dollar"
"Australia","Trade balance goods, US dollar","Canada","Quarterly","2022-Q2","-145875294","Millions","Trade balance goods, US dollar"
"Australia","Trade balance goods, US dollar","Canada","Quarterly","2022-Q3","-464576008","Millions","Trade balance goods, US dollar"
"Australia","Trade balance goods, US dollar","Canada","Quarterly","2022-Q4","-169460682","Millions","Trade balance goods, US dollar"
"Australia","Trade balance goods, US dollar","Canada","Quarterly","2023-Q1","-269757459","Millions","Trade balance goods, US dollar"
"Australia","Trade balance goods, US dollar","Canada","Quarterly","2023-Q2","-168345923","Millions","Trade balance goods, US dollar"
"Australia","Trade balance goods, US dollar","Canada","Quarterly","2023-Q3","-126445581","Millions","Trade balance goods, US dollar"
"Australia","Trade balance goods, US dollar","Canada","Quarterly","2023-Q4","-291445260","Millions","Trade balance goods, US dollar"
"Australia","Trade balance goods, US dollar","Canada","Quarterly","2024-Q1","-202217748","Millions","Trade balance goods, US dollar"
"Australia","Trade balance goods, US dollar","Canada","Quarterly","2024-Q2","-286612623","Millions","Trade balance goods, US dollar"
"Australia","Trade balance goods, US dollar","Canada","Quarterly","2024-Q3","-140882551","Millions","Trade balance goods, US dollar"
"Australia","Trade balance goods, US dollar","Canada","Quarterly","2024-Q4","32257031","Millions","Trade balance goods, US dollar"
"United Kingdom","Trade balance goods, US dollar","Canada","Quarterly","2021-Q1","-2457448034","Millions","Trade balance goods, US dollar"
"United Kingdom","Trade balance goods, US dollar","Canada","Quarterly","2021-Q2","1054463373","Millions","Trade balance goods, US dollar"
"United Kingdom","Trade balance goods, US dollar","Canada","Quarterly","2021-Q3","161236772","Millions","Trade balance goods, US dollar"
"United Kingdom","Trade balance goods, US dollar","Canada","Quarterly","2021-Q4","272111885","Millions","Trade balance goods, US dollar"
"United Kingdom","Trade balance goods, US dollar","Canada","Quarterly","2022-Q1","-1978282330","Millions","Trade balance goods, US dollar"
"United Kingdom","Trade balance goods, US dollar","Canada","Quarterly","2022-Q2","227115149","Millions","Trade balance goods, US dollar"
"United Kingdom","Trade balance goods, US dollar","Canada","Quarterly","2022-Q3","21778564","Millions","Trade balance goods, US dollar"
"United Kingdom","Trade balance goods, US dollar","Canada","Quarterly","2022-Q4","410373455","Millions","Trade balance goods, US dollar"
"United Kingdom","Trade balance goods, US dollar","Canada","Quarterly","2023-Q1","527374807","Millions","Trade balance goods, US dollar"
"United Kingdom","Trade balance goods, US dollar","Canada","Quarterly","2023-Q2","1111781926","Millions","Trade balance goods, US dollar"
"United Kingdom","Trade balance goods, US dollar","Canada","Quarterly","2023-Q3","329729082","Millions","Trade balance goods, US dollar"
"United Kingdom","Trade balance goods, US dollar","Canada","Quarterly","2023-Q4","296957813","Millions","Trade balance goods, US dollar"
"United Kingdom","Trade balance goods, US dollar","Canada","Quarterly","2024-Q1","548250737","Millions","Trade balance goods, US dollar"
"United Kingdom","Trade balance goods, US dollar","Canada","Quarterly","2024-Q2","-897915686","Millions","Trade balance goods, US dollar"
"United Kingdom","Trade balance goods, US dollar","Canada","Quarterly","2024-Q3","932620592","Millions","Trade balance goods, US dollar"
"United Kingdom","Trade balance goods, US dollar","Canada","Quarterly","2024-Q4","182446793","Millions","Trade balance goods, US dollar"
"United States","Trade balance goods, US dollar","Canada","Quarterly","2021-Q1","-7499177029","Millions","Trade balance goods, US dollar"
"United States","Trade balance goods, US dollar","Canada","Quarterly","2021-Q2","-10897563634","Millions","Trade balance goods, US dollar"
"United States","Trade balance goods, US dollar","Canada","Quarterly","2021-Q3","-14120878498","Millions","Trade balance goods, US dollar"
"United States","Trade balance goods, US dollar","Canada","Quarterly","2021-Q4","-15157829829","Millions","Trade balance goods, US dollar"
"United States","Trade balance goods, US dollar","Canada","Quarterly","2022-Q1","-20180209375","Millions","Trade balance goods, US dollar"
"United States","Trade balance goods, US dollar","Canada","Quarterly","2022-Q2","-25313868859","Millions","Trade balance goods, US dollar"
"United States","Trade balance goods, US dollar","Canada","Quarterly","2022-Q3","-20865962617","Millions","Trade balance goods, US dollar"
"United States","Trade balance goods, US dollar","Canada","Quarterly","2022-Q4","-13748920581","Millions","Trade balance goods, US dollar"
"United States","Trade balance goods, US dollar","Canada","Quarterly","2023-Q1","-18065900173","Millions","Trade balance goods, US dollar"
"United States","Trade balance goods, US dollar","Canada","Quarterly","2023-Q2","-14646759178","Millions","Trade balance goods, US dollar"
"United States","Trade balance goods, US dollar","Canada","Quarterly","2023-Q3","-15180478414","Millions","Trade balance goods, US dollar"
"United States","Trade balance goods, US dollar","Canada","Quarterly","2023-Q4","-19968288331","Millions","Trade balance goods, US dollar"
"United States","Trade balance goods, US dollar","Canada","Quarterly","2024-Q1","-15363081019","Millions","Trade balance goods, US dollar"
"United States","Trade balance goods, US dollar","Canada","Quarterly","2024-Q2","-13805564830","Millions","Trade balance goods, US dollar"
"United States","Trade balance goods, US dollar","Canada","Quarterly","2024-Q3","-16675720460","Millions","Trade balance goods, US dollar"
"United States","Trade balance goods, US dollar","Canada","Quarterly","2024-Q4","-17453458949","Millions","Trade balance goods, US dollar"
"Russian Federation","Trade balance goods, US dollar","Canada","Quarterly","2021-Q1","-79172108","Millions","Trade balance goods, US dollar"
"Russian Federation","Trade balance goods, US dollar","Canada","Quarterly","2021-Q2","-111928302","Millions","Trade balance goods, US dollar"
"Russian Federation","Trade balance goods, US dollar","Canada","Quarterly","2021-Q3","-63825764","Millions","Trade balance goods, US dollar"
"Russian Federation","Trade balance goods, US dollar","Canada","Quarterly","2021-Q4","56742280","Millions","Trade balance goods, US dollar"
"Russian Federation","Trade balance goods, US dollar","Canada","Quarterly","2022-Q1","-71351026.158957","Millions","Trade balance goods, US dollar"
"Russian Federation","Trade balance goods, US dollar","Canada","Quarterly","2022-Q2","52546903.9144498","Millions","Trade balance goods, US dollar"
"Russian Federation","Trade balance goods, US dollar","Canada","Quarterly","2022-Q3","2480725.62010927","Millions","Trade balance goods, US dollar"
"Russian Federation","Trade balance goods, US dollar","Canada","Quarterly","2022-Q4","-25253548.8498535","Millions","Trade balance goods, US dollar"
"Russian Federation","Trade balance goods, US dollar","Canada","Quarterly","2023-Q1","-19990779.3806848","Millions","Trade balance goods, US dollar"
"Russian Federation","Trade balance goods, US dollar","Canada","Quarterly","2023-Q2","-8023049.25495115","Millions","Trade balance goods, US dollar"
"Russian Federation","Trade balance goods, US dollar","Canada","Quarterly","2023-Q3","-4064521.81582687","Millions","Trade balance goods, US dollar"
"Russian Federation","Trade balance goods, US dollar","Canada","Quarterly","2023-Q4","-9910816.52949759","Millions","Trade balance goods, US dollar"
"Russian Federation","Trade balance goods, US dollar","Canada","Quarterly","2024-Q1","-12546426.0914137","Millions","Trade balance goods, US dollar"
"Russian Federation","Trade balance goods, US dollar","Canada","Quarterly","2024-Q2","-23267455.5769471","Millions","Trade balance goods, US dollar"
"Russian Federation","Trade balance goods, US dollar","Canada","Quarterly","2024-Q3","-345205.35979134","Millions","Trade balance goods, US dollar"
"Russian Federation","Trade balance goods, US dollar","Canada","Quarterly","2024-Q4","-4463501.72396347","Millions","Trade balance goods, US dollar"
"Vietnam","Trade balance goods, US dollar","Canada","Quarterly","2021-Q1","953473502","Millions","Trade balance goods, US dollar"
"Vietnam","Trade balance goods, US dollar","Canada","Quarterly","2021-Q2","1124886528","Millions","Trade balance goods, US dollar"
"Vietnam","Trade balance goods, US dollar","Canada","Quarterly","2021-Q3","1174722230","Millions","Trade balance goods, US dollar"
"Vietnam","Trade balance goods, US dollar","Canada","Quarterly","2021-Q4","1279258282","Millions","Trade balance goods, US dollar"
"Vietnam","Trade balance goods, US dollar","Canada","Quarterly","2022-Q1","1267653112","Millions","Trade balance goods, US dollar"
"Vietnam","Trade balance goods, US dollar","Canada","Quarterly","2022-Q2","1661310689","Millions","Trade balance goods, US dollar"
"Vietnam","Trade balance goods, US dollar","Canada","Quarterly","2022-Q3","1442471524","Millions","Trade balance goods, US dollar"
"Vietnam","Trade balance goods, US dollar","Canada","Quarterly","2022-Q4","1237359311","Millions","Trade balance goods, US dollar"
"Vietnam","Trade balance goods, US dollar","Canada","Quarterly","2023-Q1","1046989361","Millions","Trade balance goods, US dollar"
"Vietnam","Trade balance goods, US dollar","Canada","Quarterly","2023-Q2","1380555383","Millions","Trade balance goods, US dollar"
"Vietnam","Trade balance goods, US dollar","Canada","Quarterly","2023-Q3","1287856821","Millions","Trade balance goods, US dollar"
"Vietnam","Trade balance goods, US dollar","Canada","Quarterly","2023-Q4","1263264180","Millions","Trade balance goods, US dollar"
"Vietnam","Trade balance goods, US dollar","Canada","Quarterly","2024-Q1","1343591786","Millions","Trade balance goods, US dollar"
"Vietnam","Trade balance goods, US dollar","Canada","Quarterly","2024-Q2","1336149917","Millions","Trade balance goods, US dollar"
"Vietnam","Trade balance goods, US dollar","Canada","Quarterly","2024-Q3","1284565720","Millions","Trade balance goods, US dollar"
"Vietnam","Trade balance goods, US dollar","Canada","Quarterly","2024-Q4","957870774","Millions","Trade balance goods, US dollar"
"Italy","Trade balance goods, US dollar","Canada","Quarterly","2021-Q1","609513854","Millions","Trade balance goods, US dollar"
"Italy","Trade balance goods, US dollar","Canada","Quarterly","2021-Q2","1066732548","Millions","Trade balance goods, US dollar"
"Italy","Trade balance goods, US dollar","Canada","Quarterly","2021-Q3","991446029","Millions","Trade balance goods, US dollar"
"Italy","Trade balance goods, US dollar","Canada","Quarterly","2021-Q4","992801950","Millions","Trade balance goods, US dollar"
"Italy","Trade balance goods, US dollar","Canada","Quarterly","2022-Q1","980306069","Millions","Trade balance goods, US dollar"
"Italy","Trade balance goods, US dollar","Canada","Quarterly","2022-Q2","1422545588","Millions","Trade balance goods, US dollar"
"Italy","Trade balance goods, US dollar","Canada","Quarterly","2022-Q3","1342811742","Millions","Trade balance goods, US dollar"
"Italy","Trade balance goods, US dollar","Canada","Quarterly","2022-Q4","984704791","Millions","Trade balance goods, US dollar"
"Italy","Trade balance goods, US dollar","Canada","Quarterly","2023-Q1","1025488922","Millions","Trade balance goods, US dollar"
"Italy","Trade balance goods, US dollar","Canada","Quarterly","2023-Q2","1239920359","Millions","Trade balance goods, US dollar"
"Italy","Trade balance goods, US dollar","Canada","Quarterly","2023-Q3","1294587631","Millions","Trade balance goods, US dollar"
"Italy","Trade balance goods, US dollar","Canada","Quarterly","2023-Q4","1262123797","Millions","Trade balance goods, US dollar"
"Italy","Trade balance goods, US dollar","Canada","Quarterly","2024-Q1","775020913","Millions","Trade balance goods, US dollar"
"Italy","Trade balance goods, US dollar","Canada","Quarterly","2024-Q2","988829741","Millions","Trade balance goods, US dollar"
"Italy","Trade balance goods, US dollar","Canada","Quarterly","2024-Q3","1072952025","Millions","Trade balance goods, US dollar"
"Italy","Trade balance goods, US dollar","Canada","Quarterly","2024-Q4","540904634","Millions","Trade balance goods, US dollar"
"Thailand","Trade balance goods, US dollar","Canada","Quarterly","2021-Q1","265730229","Millions","Trade balance goods, US dollar"
"Thailand","Trade balance goods, US dollar","Canada","Quarterly","2021-Q2","192578652","Millions","Trade balance goods, US dollar"
"Thailand","Trade balance goods, US dollar","Canada","Quarterly","2021-Q3","217957789","Millions","Trade balance goods, US dollar"
"Thailand","Trade balance goods, US dollar","Canada","Quarterly","2021-Q4","272164484","Millions","Trade balance goods, US dollar"
"Thailand","Trade balance goods, US dollar","Canada","Quarterly","2022-Q1","274190121","Millions","Trade balance goods, US dollar"
"Thailand","Trade balance goods, US dollar","Canada","Quarterly","2022-Q2","219380636","Millions","Trade balance goods, US dollar"
"Thailand","Trade balance goods, US dollar","Canada","Quarterly","2022-Q3","221845421","Millions","Trade balance goods, US dollar"
"Thailand","Trade balance goods, US dollar","Canada","Quarterly","2022-Q4","218009690","Millions","Trade balance goods, US dollar"
"Thailand","Trade balance goods, US dollar","Canada","Quarterly","2023-Q1","219484337","Millions","Trade balance goods, US dollar"
"Thailand","Trade balance goods, US dollar","Canada","Quarterly","2023-Q2","143023444","Millions","Trade balance goods, US dollar"
"Thailand","Trade balance goods, US dollar","Canada","Quarterly","2023-Q3","223097207","Millions","Trade balance goods, US dollar"
"Thailand","Trade balance goods, US dollar","Canada","Quarterly","2023-Q4","254961433","Millions","Trade balance goods, US dollar"
"Thailand","Trade balance goods, US dollar","Canada","Quarterly","2024-Q1","249459361","Millions","Trade balance goods, US dollar"
"Thailand","Trade balance goods, US dollar","Canada","Quarterly","2024-Q2","213866905","Millions","Trade balance goods, US dollar"
"Thailand","Trade balance goods, US dollar","Canada","Quarterly","2024-Q3","261239323","Millions","Trade balance goods, US dollar"
"Thailand","Trade balance goods, US dollar","Canada","Quarterly","2024-Q4","299709953","Millions","Trade balance goods, US dollar"
"Egypt, Arab Republic of","Trade balance goods, US dollar","Canada","Quarterly","2021-Q1","79216030","Millions","Trade balance goods, US dollar"
"Egypt, Arab Republic of","Trade balance goods, US dollar","Canada","Quarterly","2021-Q2","139073148","Millions","Trade balance goods, US dollar"
"Egypt, Arab Republic of","Trade balance goods, US dollar","Canada","Quarterly","2021-Q3","157308899","Millions","Trade balance goods, US dollar"
"Egypt, Arab Republic of","Trade balance goods, US dollar","Canada","Quarterly","2021-Q4","179893987","Millions","Trade balance goods, US dollar"
"Egypt, Arab Republic of","Trade balance goods, US dollar","Canada","Quarterly","2022-Q1","155110937","Millions","Trade balance goods, US dollar"
"Egypt, Arab Republic of","Trade balance goods, US dollar","Canada","Quarterly","2022-Q2","159750834","Millions","Trade balance goods, US dollar"
"Egypt, Arab Republic of","Trade balance goods, US dollar","Canada","Quarterly","2022-Q3","157476930","Millions","Trade balance goods, US dollar"
"Egypt, Arab Republic of","Trade balance goods, US dollar","Canada","Quarterly","2022-Q4","154098368","Millions","Trade balance goods, US dollar"
"Egypt, Arab Republic of","Trade balance goods, US dollar","Canada","Quarterly","2023-Q1","175902507","Millions","Trade balance goods, US dollar"
"Egypt, Arab Republic of","Trade balance goods, US dollar","Canada","Quarterly","2023-Q2","75101546","Millions","Trade balance goods, US dollar"
"Egypt, Arab Republic of","Trade balance goods, US dollar","Canada","Quarterly","2023-Q3","-14245687","Millions","Trade balance goods, US dollar"
"Egypt, Arab Republic of","Trade balance goods, US dollar","Canada","Quarterly","2023-Q4","-134625567","Millions","Trade balance goods, US dollar"
"Egypt, Arab Republic of","Trade balance goods, US dollar","Canada","Quarterly","2024-Q1","-16052957","Millions","Trade balance goods, US dollar"
"Egypt, Arab Republic of","Trade balance goods, US dollar","Canada","Quarterly","2024-Q2","-48251416","Millions","Trade balance goods, US dollar"
"Egypt, Arab Republic of","Trade balance goods, US dollar","Canada","Quarterly","2024-Q3","14468080","Millions","Trade balance goods, US dollar"
"Egypt, Arab Republic of","Trade balance goods, US dollar","Canada","Quarterly","2024-Q4","8639986","Millions","Trade balance goods, US dollar"
"South Africa","Trade balance goods, US dollar","Canada","Quarterly","2021-Q1","-50055544","Millions","Trade balance goods, US dollar"
"South Africa","Trade balance goods, US dollar","Canada","Quarterly","2021-Q2","-12524574","Millions","Trade balance goods, US dollar"
"South Africa","Trade balance goods, US dollar","Canada","Quarterly","2021-Q3","-9261265","Millions","Trade balance goods, US dollar"
"South Africa","Trade balance goods, US dollar","Canada","Quarterly","2021-Q4","-2876860","Millions","Trade balance goods, US dollar"
"South Africa","Trade balance goods, US dollar","Canada","Quarterly","2022-Q1","23920230","Millions","Trade balance goods, US dollar"
"South Africa","Trade balance goods, US dollar","Canada","Quarterly","2022-Q2","5926367","Millions","Trade balance goods, US dollar"
"South Africa","Trade balance goods, US dollar","Canada","Quarterly","2022-Q3","31639048","Millions","Trade balance goods, US dollar"
"South Africa","Trade balance goods, US dollar","Canada","Quarterly","2022-Q4","19442482","Millions","Trade balance goods, US dollar"
"South Africa","Trade balance goods, US dollar","Canada","Quarterly","2023-Q1","40127029","Millions","Trade balance goods, US dollar"
"South Africa","Trade balance goods, US dollar","Canada","Quarterly","2023-Q2","18442338","Millions","Trade balance goods, US dollar"
"South Africa","Trade balance goods, US dollar","Canada","Quarterly","2023-Q3","26760539","Millions","Trade balance goods, US dollar"
"South Africa","Trade balance goods, US dollar","Canada","Quarterly","2023-Q4","-20252047","Millions","Trade balance goods, US dollar"
"South Africa","Trade balance goods, US dollar","Canada","Quarterly","2024-Q1","30965897","Millions","Trade balance goods, US dollar"
"South Africa","Trade balance goods, US dollar","Canada","Quarterly","2024-Q2","9876879","Millions","Trade balance goods, US dollar"
"South Africa","Trade balance goods, US dollar","Canada","Quarterly","2024-Q3","45158412","Millions","Trade balance goods, US dollar"
"South Africa","Trade balance goods, US dollar","Canada","Quarterly","2024-Q4","-91499943","Millions","Trade balance goods, US dollar"
"Japan","Trade balance goods, US dollar","Canada","Quarterly","2021-Q1","-618334306","Millions","Trade balance goods, US dollar"
"Japan","Trade balance goods, US dollar","Canada","Quarterly","2021-Q2","-889203046","Millions","Trade balance goods, US dollar"
"Japan","Trade balance goods, US dollar","Canada","Quarterly","2021-Q3","-1869536682","Millions","Trade balance goods, US dollar"
"Japan","Trade balance goods, US dollar","Canada","Quarterly","2021-Q4","-1799593896","Millions","Trade balance goods, US dollar"
"Japan","Trade balance goods, US dollar","Canada","Quarterly","2022-Q1","-1461702709","Millions","Trade balance goods, US dollar"
"Japan","Trade balance goods, US dollar","Canada","Quarterly","2022-Q2","-2237541045","Millions","Trade balance goods, US dollar"
"Japan","Trade balance goods, US dollar","Canada","Quarterly","2022-Q3","-2277899119","Millions","Trade balance goods, US dollar"
"Japan","Trade balance goods, US dollar","Canada","Quarterly","2022-Q4","-1942989136","Millions","Trade balance goods, US dollar"
"Japan","Trade balance goods, US dollar","Canada","Quarterly","2023-Q1","-1576972119","Millions","Trade balance goods, US dollar"
"Japan","Trade balance goods, US dollar","Canada","Quarterly","2023-Q2","-1121377460","Millions","Trade balance goods, US dollar"
"Japan","Trade balance goods, US dollar","Canada","Quarterly","2023-Q3","-232479156","Millions","Trade balance goods, US dollar"
"Japan","Trade balance goods, US dollar","Canada","Quarterly","2023-Q4","-695377175","Millions","Trade balance goods, US dollar"
"Japan","Trade balance goods, US dollar","Canada","Quarterly","2024-Q1","-481523319","Millions","Trade balance goods, US dollar"
"Japan","Trade balance goods, US dollar","Canada","Quarterly","2024-Q2","-567775031","Millions","Trade balance goods, US dollar"
"Japan","Trade balance goods, US dollar","Canada","Quarterly","2024-Q3","-88108936","Millions","Trade balance goods, US dollar"
"Japan","Trade balance goods, US dollar","Canada","Quarterly","2024-Q4","-701692195","Millions","Trade balance goods, US dollar"
"France","Trade balance goods, US dollar","Canada","Quarterly","2021-Q1","-10358895","Millions","Trade balance goods, US dollar"
"France","Trade balance goods, US dollar","Canada","Quarterly","2021-Q2","198939515","Millions","Trade balance goods, US dollar"
"France","Trade balance goods, US dollar","Canada","Quarterly","2021-Q3","-40733568","Millions","Trade balance goods, US dollar"
"France","Trade balance goods, US dollar","Canada","Quarterly","2021-Q4","16750533","Millions","Trade balance goods, US dollar"
"France","Trade balance goods, US dollar","Canada","Quarterly","2022-Q1","123595248","Millions","Trade balance goods, US dollar"
"France","Trade balance goods, US dollar","Canada","Quarterly","2022-Q2","279938094","Millions","Trade balance goods, US dollar"
"France","Trade balance goods, US dollar","Canada","Quarterly","2022-Q3","158949316","Millions","Trade balance goods, US dollar"
"France","Trade balance goods, US dollar","Canada","Quarterly","2022-Q4","60875386","Millions","Trade balance goods, US dollar"
"France","Trade balance goods, US dollar","Canada","Quarterly","2023-Q1","33408261","Millions","Trade balance goods, US dollar"
"France","Trade balance goods, US dollar","Canada","Quarterly","2023-Q2","119054046","Millions","Trade balance goods, US dollar"
"France","Trade balance goods, US dollar","Canada","Quarterly","2023-Q3","82958643","Millions","Trade balance goods, US dollar"
"France","Trade balance goods, US dollar","Canada","Quarterly","2023-Q4","148685149","Millions","Trade balance goods, US dollar"
"France","Trade balance goods, US dollar","Canada","Quarterly","2024-Q1","189560999","Millions","Trade balance goods, US dollar"
"France","Trade balance goods, US dollar","Canada","Quarterly","2024-Q2","120607500","Millions","Trade balance goods, US dollar"
"France","Trade balance goods, US dollar","Canada","Quarterly","2024-Q3","321922284","Millions","Trade balance goods, US dollar"
"France","Trade balance goods, US dollar","Canada","Quarterly","2024-Q4","11082330","Millions","Trade balance goods, US dollar"
"United Arab Emirates","Trade balance goods, US dollar","Canada","Quarterly","2021-Q1","-683780169","Millions","Trade balance goods, US dollar"
"United Arab Emirates","Trade balance goods, US dollar","Canada","Quarterly","2021-Q2","-689471828","Millions","Trade balance goods, US dollar"
"United Arab Emirates","Trade balance goods, US dollar","Canada","Quarterly","2021-Q3","-393392890","Millions","Trade balance goods, US dollar"
"United Arab Emirates","Trade balance goods, US dollar","Canada","Quarterly","2021-Q4","-575258211","Millions","Trade balance goods, US dollar"
"United Arab Emirates","Trade balance goods, US dollar","Canada","Quarterly","2022-Q1","-590326712","Millions","Trade balance goods, US dollar"
"United Arab Emirates","Trade balance goods, US dollar","Canada","Quarterly","2022-Q2","-663320045","Millions","Trade balance goods, US dollar"
"United Arab Emirates","Trade balance goods, US dollar","Canada","Quarterly","2022-Q3","-603031883","Millions","Trade balance goods, US dollar"
"United Arab Emirates","Trade balance goods, US dollar","Canada","Quarterly","2022-Q4","-707377345","Millions","Trade balance goods, US dollar"
"United Arab Emirates","Trade balance goods, US dollar","Canada","Quarterly","2023-Q1","-624481194","Millions","Trade balance goods, US dollar"
"United Arab Emirates","Trade balance goods, US dollar","Canada","Quarterly","2023-Q2","-436418228","Millions","Trade balance goods, US dollar"
"United Arab Emirates","Trade balance goods, US dollar","Canada","Quarterly","2023-Q3","-364767473","Millions","Trade balance goods, US dollar"
"United Arab Emirates","Trade balance goods, US dollar","Canada","Quarterly","2023-Q4","-555130454","Millions","Trade balance goods, US dollar"
"United Arab Emirates","Trade balance goods, US dollar","Canada","Quarterly","2024-Q1","-561343761","Millions","Trade balance goods, US dollar"
"United Arab Emirates","Trade balance goods, US dollar","Canada","Quarterly","2024-Q2","-497550254","Millions","Trade balance goods, US dollar"
"United Arab Emirates","Trade balance goods, US dollar","Canada","Quarterly","2024-Q3","-553028535","Millions","Trade balance goods, US dollar"
"United Arab Emirates","Trade balance goods, US dollar","Canada","Quarterly","2024-Q4","-710801994","Millions","Trade balance goods, US dollar"
"Mexico","Trade balance goods, US dollar","Canada","Quarterly","2021-Q1","443179560","Millions","Trade balance goods, US dollar"
"Mexico","Trade balance goods, US dollar","Canada","Quarterly","2021-Q2","259210360","Millions","Trade balance goods, US dollar"
"Mexico","Trade balance goods, US dollar","Canada","Quarterly","2021-Q3","137670220","Millions","Trade balance goods, US dollar"
"Mexico","Trade balance goods, US dollar","Canada","Quarterly","2021-Q4","296164960","Millions","Trade balance goods, US dollar"
"Mexico","Trade balance goods, US dollar","Canada","Quarterly","2022-Q1","557796340","Millions","Trade balance goods, US dollar"
"Mexico","Trade balance goods, US dollar","Canada","Quarterly","2022-Q2","543736640","Millions","Trade balance goods, US dollar"
"Mexico","Trade balance goods, US dollar","Canada","Quarterly","2022-Q3","496479700","Millions","Trade balance goods, US dollar"
"Mexico","Trade balance goods, US dollar","Canada","Quarterly","2022-Q4","986520","Millions","Trade balance goods, US dollar"
"Mexico","Trade balance goods, US dollar","Canada","Quarterly","2023-Q1","557255420","Millions","Trade balance goods, US dollar"
"Mexico","Trade balance goods, US dollar","Canada","Quarterly","2023-Q2","869406740","Millions","Trade balance goods, US dollar"
"Mexico","Trade balance goods, US dollar","Canada","Quarterly","2023-Q3","1037803580","Millions","Trade balance goods, US dollar"
"Mexico","Trade balance goods, US dollar","Canada","Quarterly","2023-Q4","1636924140","Millions","Trade balance goods, US dollar"
"Mexico","Trade balance goods, US dollar","Canada","Quarterly","2024-Q1","420225840","Millions","Trade balance goods, US dollar"
"Mexico","Trade balance goods, US dollar","Canada","Quarterly","2024-Q2","1703727280","Millions","Trade balance goods, US dollar"
"Mexico","Trade balance goods, US dollar","Canada","Quarterly","2024-Q3","1588141760","Millions","Trade balance goods, US dollar"
"Mexico","Trade balance goods, US dollar","Canada","Quarterly","2024-Q4","1502559140","Millions","Trade balance goods, US dollar"
"India","Trade balance goods, US dollar","Canada","Quarterly","2021-Q1","289694163","Millions","Trade balance goods, US dollar"
"India","Trade balance goods, US dollar","Canada","Quarterly","2021-Q2","239500000","Millions","Trade balance goods, US dollar"
"India","Trade balance goods, US dollar","Canada","Quarterly","2021-Q3","220498377","Millions","Trade balance goods, US dollar"
"India","Trade balance goods, US dollar","Canada","Quarterly","2021-Q4","93075796","Millions","Trade balance goods, US dollar"
"India","Trade balance goods, US dollar","Canada","Quarterly","2022-Q1","138028952","Millions","Trade balance goods, US dollar"
"India","Trade balance goods, US dollar","Canada","Quarterly","2022-Q2","57890354","Millions","Trade balance goods, US dollar"
"India","Trade balance goods, US dollar","Canada","Quarterly","2022-Q3","201797448","Millions","Trade balance goods, US dollar"
"India","Trade balance goods, US dollar","Canada","Quarterly","2022-Q4","-47961880","Millions","Trade balance goods, US dollar"
"India","Trade balance goods, US dollar","Canada","Quarterly","2023-Q1","-110491996","Millions","Trade balance goods, US dollar"
"India","Trade balance goods, US dollar","Canada","Quarterly","2023-Q2","-80016629","Millions","Trade balance goods, US dollar"
"India","Trade balance goods, US dollar","Canada","Quarterly","2023-Q3","-74941079","Millions","Trade balance goods, US dollar"
"India","Trade balance goods, US dollar","Canada","Quarterly","2023-Q4","-622384304","Millions","Trade balance goods, US dollar"
"India","Trade balance goods, US dollar","Canada","Quarterly","2024-Q1","-770178526","Millions","Trade balance goods, US dollar"
"India","Trade balance goods, US dollar","Canada","Quarterly","2024-Q2","-773859625","Millions","Trade balance goods, US dollar"
"India","Trade balance goods, US dollar","Canada","Quarterly","2024-Q3","-813895935","Millions","Trade balance goods, US dollar"
"India","Trade balance goods, US dollar","Canada","Quarterly","2024-Q4","-551868269","Millions","Trade balance goods, US dollar"
"Brazil","Trade balance goods, US dollar","Canada","Quarterly","2021-Q1","520910179","Millions","Trade balance goods, US dollar"
"Brazil","Trade balance goods, US dollar","Canada","Quarterly","2021-Q2","678742502","Millions","Trade balance goods, US dollar"
"Brazil","Trade balance goods, US dollar","Canada","Quarterly","2021-Q3","519384319","Millions","Trade balance goods, US dollar"
"Brazil","Trade balance goods, US dollar","Canada","Quarterly","2021-Q4","472193055","Millions","Trade balance goods, US dollar"
"Brazil","Trade balance goods, US dollar","Canada","Quarterly","2022-Q1","352905723","Millions","Trade balance goods, US dollar"
"Brazil","Trade balance goods, US dollar","Canada","Quarterly","2022-Q2","-496691644","Millions","Trade balance goods, US dollar"
"Brazil","Trade balance goods, US dollar","Canada","Quarterly","2022-Q3","-475449120","Millions","Trade balance goods, US dollar"
"Brazil","Trade balance goods, US dollar","Canada","Quarterly","2022-Q4","503319073","Millions","Trade balance goods, US dollar"
"Brazil","Trade balance goods, US dollar","Canada","Quarterly","2023-Q1","437753826","Millions","Trade balance goods, US dollar"
"Brazil","Trade balance goods, US dollar","Canada","Quarterly","2023-Q2","237683977","Millions","Trade balance goods, US dollar"
"Brazil","Trade balance goods, US dollar","Canada","Quarterly","2023-Q3","653224705","Millions","Trade balance goods, US dollar"
"Brazil","Trade balance goods, US dollar","Canada","Quarterly","2023-Q4","864884915","Millions","Trade balance goods, US dollar"
"Brazil","Trade balance goods, US dollar","Canada","Quarterly","2024-Q1","622525659","Millions","Trade balance goods, US dollar"
"Brazil","Trade balance goods, US dollar","Canada","Quarterly","2024-Q2","625946423","Millions","Trade balance goods, US dollar"
"Brazil","Trade balance goods, US dollar","Canada","Quarterly","2024-Q3","858190695","Millions","Trade balance goods, US dollar"
"Brazil","Trade balance goods, US dollar","Canada","Quarterly","2024-Q4","1258751311","Millions","Trade balance goods, US dollar"
"Germany","Trade balance goods, US dollar","Canada","Quarterly","2021-Q1","1585450657","Millions","Trade balance goods, US dollar"
"Germany","Trade balance goods, US dollar","Canada","Quarterly","2021-Q2","1931110243","Millions","Trade balance goods, US dollar"
"Germany","Trade balance goods, US dollar","Canada","Quarterly","2021-Q3","1389713853","Millions","Trade balance goods, US dollar"
"Germany","Trade balance goods, US dollar","Canada","Quarterly","2021-Q4","1713870181","Millions","Trade balance goods, US dollar"
"Germany","Trade balance goods, US dollar","Canada","Quarterly","2022-Q1","1863405830","Millions","Trade balance goods, US dollar"
"Germany","Trade balance goods, US dollar","Canada","Quarterly","2022-Q2","1800066315","Millions","Trade balance goods, US dollar"
"Germany","Trade balance goods, US dollar","Canada","Quarterly","2022-Q3","1754694331","Millions","Trade balance goods, US dollar"
"Germany","Trade balance goods, US dollar","Canada","Quarterly","2022-Q4","1644012060","Millions","Trade balance goods, US dollar"
"Germany","Trade balance goods, US dollar","Canada","Quarterly","2023-Q1","2007210656","Millions","Trade balance goods, US dollar"
"Germany","Trade balance goods, US dollar","Canada","Quarterly","2023-Q2","2403869024","Millions","Trade balance goods, US dollar"
"Germany","Trade balance goods, US dollar","Canada","Quarterly","2023-Q3","2199787148","Millions","Trade balance goods, US dollar"
"Germany","Trade balance goods, US dollar","Canada","Quarterly","2023-Q4","1977749334","Millions","Trade balance goods, US dollar"
"Germany","Trade balance goods, US dollar","Canada","Quarterly","2024-Q1","1692379603","Millions","Trade balance goods, US dollar"
"Germany","Trade balance goods, US dollar","Canada","Quarterly","2024-Q2","2537457083","Millions","Trade balance goods, US dollar"
"Germany","Trade balance goods, US dollar","Canada","Quarterly","2024-Q3","2171027560","Millions","Trade balance goods, US dollar"
"Germany","Trade balance goods, US dollar","Canada","Quarterly","2024-Q4","2010028421","Millions","Trade balance goods, US dollar"
"Switzerland","Trade balance goods, US dollar","Canada","Quarterly","2021-Q1","401940883","Millions","Trade balance goods, US dollar"
"Switzerland","Trade balance goods, US dollar","Canada","Quarterly","2021-Q2","-130859642","Millions","Trade balance goods, US dollar"
"Switzerland","Trade balance goods, US dollar","Canada","Quarterly","2021-Q3","351093805","Millions","Trade balance goods, US dollar"
"Switzerland","Trade balance goods, US dollar","Canada","Quarterly","2021-Q4","165654564","Millions","Trade balance goods, US dollar"
"Switzerland","Trade balance goods, US dollar","Canada","Quarterly","2022-Q1","253392322","Millions","Trade balance goods, US dollar"
"Switzerland","Trade balance goods, US dollar","Canada","Quarterly","2022-Q2","284582471","Millions","Trade balance goods, US dollar"
"Switzerland","Trade balance goods, US dollar","Canada","Quarterly","2022-Q3","-1981635234","Millions","Trade balance goods, US dollar"
"Switzerland","Trade balance goods, US dollar","Canada","Quarterly","2022-Q4","-794665347","Millions","Trade balance goods, US dollar"
"Switzerland","Trade balance goods, US dollar","Canada","Quarterly","2023-Q1","-967885726","Millions","Trade balance goods, US dollar"
"Switzerland","Trade balance goods, US dollar","Canada","Quarterly","2023-Q2","-526949683","Millions","Trade balance goods, US dollar"
"Switzerland","Trade balance goods, US dollar","Canada","Quarterly","2023-Q3","-371586209","Millions","Trade balance goods, US dollar"
"Switzerland","Trade balance goods, US dollar","Canada","Quarterly","2023-Q4","-378806181","Millions","Trade balance goods, US dollar"
"Switzerland","Trade balance goods, US dollar","Canada","Quarterly","2024-Q1","-1786053617","Millions","Trade balance goods, US dollar"
"Switzerland","Trade balance goods, US dollar","Canada","Quarterly","2024-Q2","-815127474","Millions","Trade balance goods, US dollar"
"Switzerland","Trade balance goods, US dollar","Canada","Quarterly","2024-Q3","277340607","Millions","Trade balance goods, US dollar"
"Switzerland","Trade balance goods, US dollar","Canada","Quarterly","2024-Q4","-1536423189","Millions","Trade balance goods, US dollar"
"Singapore","Trade balance goods, US dollar","Canada","Quarterly","2021-Q1","-193951730","Millions","Trade balance goods, US dollar"
"Singapore","Trade balance goods, US dollar","Canada","Quarterly","2021-Q2","-208019671","Millions","Trade balance goods, US dollar"
"Singapore","Trade balance goods, US dollar","Canada","Quarterly","2021-Q3","-218302533","Millions","Trade balance goods, US dollar"
"Singapore","Trade balance goods, US dollar","Canada","Quarterly","2021-Q4","-116040281","Millions","Trade balance goods, US dollar"
"Singapore","Trade balance goods, US dollar","Canada","Quarterly","2022-Q1","-239126176","Millions","Trade balance goods, US dollar"
"Singapore","Trade balance goods, US dollar","Canada","Quarterly","2022-Q2","-178445681","Millions","Trade balance goods, US dollar"
"Singapore","Trade balance goods, US dollar","Canada","Quarterly","2022-Q3","-547013459","Millions","Trade balance goods, US dollar"
"Singapore","Trade balance goods, US dollar","Canada","Quarterly","2022-Q4","-235167910","Millions","Trade balance goods, US dollar"
"Singapore","Trade balance goods, US dollar","Canada","Quarterly","2023-Q1","-269050921","Millions","Trade balance goods, US dollar"
"Singapore","Trade balance goods, US dollar","Canada","Quarterly","2023-Q2","-236997145","Millions","Trade balance goods, US dollar"
"Singapore","Trade balance goods, US dollar","Canada","Quarterly","2023-Q3","-200018018","Millions","Trade balance goods, US dollar"
"Singapore","Trade balance goods, US dollar","Canada","Quarterly","2023-Q4","-226193236","Millions","Trade balance goods, US dollar"
"Singapore","Trade balance goods, US dollar","Canada","Quarterly","2024-Q1","-494381570","Millions","Trade balance goods, US dollar"
"Singapore","Trade balance goods, US dollar","Canada","Quarterly","2024-Q2","-718302724","Millions","Trade balance goods, US dollar"
"Singapore","Trade balance goods, US dollar","Canada","Quarterly","2024-Q3","-148019390","Millions","Trade balance goods, US dollar"
"Singapore","Trade balance goods, US dollar","Canada","Quarterly","2024-Q4","-304110791","Millions","Trade balance goods, US dollar"
"China, People's Republic of","Trade balance goods, US dollar","Canada","Quarterly","2021-Q1","4117121160","Millions","Trade balance goods, US dollar"
"China, People's Republic of","Trade balance goods, US dollar","Canada","Quarterly","2021-Q2","3804807280","Millions","Trade balance goods, US dollar"
"China, People's Republic of","Trade balance goods, US dollar","Canada","Quarterly","2021-Q3","7091610090","Millions","Trade balance goods, US dollar"
"China, People's Republic of","Trade balance goods, US dollar","Canada","Quarterly","2021-Q4","6393046860","Millions","Trade balance goods, US dollar"
"China, People's Republic of","Trade balance goods, US dollar","Canada","Quarterly","2022-Q1","6457882980","Millions","Trade balance goods, US dollar"
"China, People's Republic of","Trade balance goods, US dollar","Canada","Quarterly","2022-Q2","6627806710","Millions","Trade balance goods, US dollar"
"China, People's Republic of","Trade balance goods, US dollar","Canada","Quarterly","2022-Q3","1678691890","Millions","Trade balance goods, US dollar"
"China, People's Republic of","Trade balance goods, US dollar","Canada","Quarterly","2022-Q4","-3389919850","Millions","Trade balance goods, US dollar"
"China, People's Republic of","Trade balance goods, US dollar","Canada","Quarterly","2023-Q1","-2397918","Millions","Trade balance goods, US dollar"
"China, People's Republic of","Trade balance goods, US dollar","Canada","Quarterly","2023-Q2","1199864318","Millions","Trade balance goods, US dollar"
"China, People's Republic of","Trade balance goods, US dollar","Canada","Quarterly","2023-Q3","1209597160","Millions","Trade balance goods, US dollar"
"China, People's Republic of","Trade balance goods, US dollar","Canada","Quarterly","2023-Q4","-817520163","Millions","Trade balance goods, US dollar"
"China, People's Republic of","Trade balance goods, US dollar","Canada","Quarterly","2024-Q1","-1373957496","Millions","Trade balance goods, US dollar"
"China, People's Republic of","Trade balance goods, US dollar","Canada","Quarterly","2024-Q2","1653076952","Millions","Trade balance goods, US dollar"
"China, People's Republic of","Trade balance goods, US dollar","Canada","Quarterly","2024-Q3","1832241377","Millions","Trade balance goods, US dollar"
"China, People's Republic of","Trade balance goods, US dollar","Canada","Quarterly","2024-Q4","-2289702340","Millions","Trade balance goods, US dollar"
"Belgium","Trade balance goods, US dollar","Canada","Quarterly","2021-Q1","473073633","Millions","Trade balance goods, US dollar"
"Belgium","Trade balance goods, US dollar","Canada","Quarterly","2021-Q2","350501756","Millions","Trade balance goods, US dollar"
"Belgium","Trade balance goods, US dollar","Canada","Quarterly","2021-Q3","47723308","Millions","Trade balance goods, US dollar"
"Belgium","Trade balance goods, US dollar","Canada","Quarterly","2021-Q4","-149332073","Millions","Trade balance goods, US dollar"
"Belgium","Trade balance goods, US dollar","Canada","Quarterly","2022-Q1","130361130","Millions","Trade balance goods, US dollar"
"Belgium","Trade balance goods, US dollar","Canada","Quarterly","2022-Q2","-257391710","Millions","Trade balance goods, US dollar"
"Belgium","Trade balance goods, US dollar","Canada","Quarterly","2022-Q3","-343308471","Millions","Trade balance goods, US dollar"
"Belgium","Trade balance goods, US dollar","Canada","Quarterly","2022-Q4","-219445226","Millions","Trade balance goods, US dollar"
"Belgium","Trade balance goods, US dollar","Canada","Quarterly","2023-Q1","-142754481","Millions","Trade balance goods, US dollar"
"Belgium","Trade balance goods, US dollar","Canada","Quarterly","2023-Q2","-29189578","Millions","Trade balance goods, US dollar"
"Belgium","Trade balance goods, US dollar","Canada","Quarterly","2023-Q3","282728901","Millions","Trade balance goods, US dollar"
"Belgium","Trade balance goods, US dollar","Canada","Quarterly","2023-Q4","217695755","Millions","Trade balance goods, US dollar"
"Belgium","Trade balance goods, US dollar","Canada","Quarterly","2024-Q1","156833783","Millions","Trade balance goods, US dollar"
"Belgium","Trade balance goods, US dollar","Canada","Quarterly","2024-Q2","2706632","Millions","Trade balance goods, US dollar"
"Belgium","Trade balance goods, US dollar","Canada","Quarterly","2024-Q3","200657939","Millions","Trade balance goods, US dollar"
"Belgium","Trade balance goods, US dollar","Canada","Quarterly","2024-Q4","100580834","Millions","Trade balance goods, US dollar"
"Netherlands, The","Trade balance goods, US dollar","Canada","Quarterly","2021-Q1","-277576934","Millions","Trade balance goods, US dollar"
"Netherlands, The","Trade balance goods, US dollar","Canada","Quarterly","2021-Q2","20004261","Millions","Trade balance goods, US dollar"
"Netherlands, The","Trade balance goods, US dollar","Canada","Quarterly","2021-Q3","109086890","Millions","Trade balance goods, US dollar"
"Netherlands, The","Trade balance goods, US dollar","Canada","Quarterly","2021-Q4","-107954259","Millions","Trade balance goods, US dollar"
"Netherlands, The","Trade balance goods, US dollar","Canada","Quarterly","2022-Q1","140446461","Millions","Trade balance goods, US dollar"
"Netherlands, The","Trade balance goods, US dollar","Canada","Quarterly","2022-Q2","140093607","Millions","Trade balance goods, US dollar"
"Netherlands, The","Trade balance goods, US dollar","Canada","Quarterly","2022-Q3","62698811","Millions","Trade balance goods, US dollar"
"Netherlands, The","Trade balance goods, US dollar","Canada","Quarterly","2022-Q4","-534370287","Millions","Trade balance goods, US dollar"
"Netherlands, The","Trade balance goods, US dollar","Canada","Quarterly","2023-Q1","-515728549","Millions","Trade balance goods, US dollar"
"Netherlands, The","Trade balance goods, US dollar","Canada","Quarterly","2023-Q2","-506491791","Millions","Trade balance goods, US dollar"
"Netherlands, The","Trade balance goods, US dollar","Canada","Quarterly","2023-Q3","-126569085","Millions","Trade balance goods, US dollar"
"Netherlands, The","Trade balance goods, US dollar","Canada","Quarterly","2023-Q4","-693726111","Millions","Trade balance goods, US dollar"
"Netherlands, The","Trade balance goods, US dollar","Canada","Quarterly","2024-Q1","-720553245","Millions","Trade balance goods, US dollar"
"Netherlands, The","Trade balance goods, US dollar","Canada","Quarterly","2024-Q2","-98487883","Millions","Trade balance goods, US dollar"
"Netherlands, The","Trade balance goods, US dollar","Canada","Quarterly","2024-Q3","-162140832","Millions","Trade balance goods, US dollar"
"Netherlands, The","Trade balance goods, US dollar","Canada","Quarterly","2024-Q4","-636257488","Millions","Trade balance goods, US dollar"
